id;name;location;description
1;Investor Norfolk tan;Architect Soap;Lead navigating
2;Managed;Infrastructure proactive primary;black utilize silver
3;Sleek;Synchronised;Granite Spring
4;e-markets navigating Innovative;Card connect Village;violet
5;Rustic payment Metal;Business-focused protocol Handcrafted;digital
6;District strategize;info-mediaries web-readiness gold;Soft invoice
7;website blue;Account Dynamic;Fresh connecting
8;Gibraltar Interface mobile;Viaduct Configurable;initiatives
9;Idaho program;Bedfordshire Developer Card;black Pants eco-centric
10;Stand-alone;JBOD;monitoring Square JBOD
